Questions,Answers
"How can I calm down quickly?","Try this: breathe in through your nose for 4 seconds, hold for 4, and exhale slowly through your mouth for 6 seconds, a few times. Then ground yourself with your senses, naming things you can see, touch, hear, smell, and taste. Slow exhales tell your nervous system it's safe, and the panic settles faster than you'd expect."
"How do I handle a panic attack?","If a panic attack is happening, remind yourself it's frightening but not dangerous, and it will pass. Use slow breathing: in for 4, hold for 4, out for 6. Splash cold water on your face or hold something with texture to ground yourself. Afterward, rest and be kind to yourself. If they happen often, a therapist can help you break the pattern."
"What are good grounding techniques?","The 5-4-3-2-1 technique is a great start: name five things you can see, four you can touch, three you can hear, two you can smell, and one you can taste. You can also press your feet into the floor, hold an ice cube, or describe the room in detail. These bring your attention back to the present when your mind is spinning."
"How can I stop negative thoughts?","You can't switch thoughts off, but you can change how you relate to them. Label the thought as 'just a thought, not a fact' and let it pass like a cloud. Ask yourself what you'd tell a friend having the same thought. Write it down to get it outside your head. If negative thinking is constant, therapy can teach you to challenge it effectively."
"How do I build a morning routine that helps my mood?","Keep it small and consistent: wake around the same time, get light into your eyes early, drink water, and move your body for a few minutes. Add one thing you look forward to, like a favorite drink or a few pages of a book. A gentle, repeatable morning gives you stability, which quietly supports your mental health."
"How can I improve my sleep?","Protect a consistent sleep schedule, even on weekends. Wind down for an hour before bed: dim lights, avoid screens, and keep the room cool and quiet. If your mind races, keep a notebook by the bed and write thoughts down. Avoid caffeine late in the day. If insomnia lasts weeks, talk to your doctor, because sleep is foundational to mood."
"What are good breathing exercises?","Box breathing is simple and effective: breathe in for 4 counts, hold for 4, out for 4, hold for 4, and repeat. Another is the 4-6 exhale: breathe in for 4 and out slowly for 6. Longer exhales calm the nervous system fastest. Even a couple of minutes of slow breathing can lower your stress noticeably."
"How do I stop overthinking?","Give worry a time limit: write everything down for 10 minutes, then close the notebook and redirect to a simple, absorbing task. Catch 'what if' loops and label them as worry, not facts. Overthinking feeds on trying to stop it, so gently moving attention helps more than fighting it. If it's constant, therapy can help you interrupt the cycle."
"How can I feel better when I'm sad?","Let yourself feel the sadness without judging it; it's information, not weakness. Then do something gentle: a warm shower, a walk outside, a call to someone you trust, or listening to music you love. Small actions and connection lift mood gradually. If sadness is heavy or lasting, please talk to a professional, because support genuinely helps."
"What should I do when I feel overwhelmed?","Stop and write everything down to get it out of your head. Sort it into what must happen now, what can wait, and what can be shared or dropped. Choose one small next step and do only that. Then protect rest. Overwhelm shrinks when the invisible load becomes a visible list, and you don't have to do it all at once."
"How can I manage stress from work?","Set a clear end to your workday and create a ritual that marks it, like a walk or changing clothes. Protect breaks during the day and use them to actually rest. Talk to your manager about realistic priorities if the load is unsustainable. If work stress is constant, burnout support and counseling can help you reset."
"What are some coping strategies for anxiety?","Anxiety responds well to grounding, slow breathing, and breaking tasks into tiny steps. Movement helps burn off the extra energy anxiety creates. Limit caffeine and check your sleep, since both feed anxiety. Identify your triggers and plan for them. If anxiety is frequent, cognitive behavioral therapy is highly effective at building lasting coping skills."
"How do I talk to someone about how I feel?","Start with one person you trust, and use simple words: 'I've been struggling lately' or 'I need to talk about something heavy.' You don't have to explain everything at once. You can ask for what you need, like listening rather than advice. Practicing on a safe person builds the skill, and a therapist is a good place to practice too."
"How can I help a friend who is struggling?","Be present and listen without rushing to fix things. Ask open questions and reflect what you hear, like 'that sounds really hard.' Offer specific, low-pressure support, such as going for a walk or checking in tomorrow. Take their mental health seriously and gently encourage professional help when needed, and take care of yourself too."
"How do I get motivated again?","Start with something absurdly small, because action creates motivation rather than the other way around. Make the first step tiny: put on your shoes, open the document, take out the ingredients. Reward yourself for starting, not finishing. Protect sleep and movement, since energy drives motivation. If low motivation lasts, it may be depression, which is treatable."
"What are good habits for mental health?","Sleep, movement, and connection are the foundations. Regular sleep and some physical activity each day lift mood. Keep real social contact, even brief. Add small daily rituals: time outside, a hobby, a moment of gratitude. Practice noticing when you need rest. These habits don't fix everything, but they make everything else more possible."
"How can I stop comparing myself to others?","Comparison is a habit you can interrupt. Curate your feeds so you see fewer highlight reels, and notice what you're grateful for in your own life. Measure yourself against your own past, not others' milestones. Practice celebrating others' wins without measuring yourself against them. Over time, self-focus replaces comparison."
"How do I set healthy boundaries?","Start small and use a simple, kind script like 'I can't take that on right now.' You don't need to over-explain. Notice that people usually adapt to clear limits, and relationships often improve with honesty. Each boundary protects something you value. Boundaries are a skill, and they get easier with practice."
"What helps with loneliness?","Small, consistent connection beats rare big gestures. Reach out with a low-pressure message or call, and join something recurring where you see the same faces, like a class or group. Loneliness is eased by being known over time, so show up regularly. If loneliness is deep, a support group or counselor can help you rebuild connection."
"How can I deal with anger in a healthy way?","Pause before reacting, and use an exit: take a breath, step away, or count to ten. Move your body to discharge the energy, like a brisk walk. Name what the anger is protecting, whether it's a boundary or a need, and address that directly with 'I feel' statements. If anger is hurting relationships, therapy can help you channel it."
"What should I do when I feel like giving up?","Please reach out for help right now. Contact a trusted person, call a crisis or support line in your country, or go to an emergency room if you're in immediate danger. You don't have to solve everything today, just take the step of telling someone. There is support for you, and things can get better with help."
"How can I practice self-compassion?","Speak to yourself the way you'd speak to a friend who was struggling. When you make a mistake, acknowledge it without attacking yourself. Give yourself credit for effort, and allow imperfection. Notice your harsh inner voice and gently rewrite it. Self-compassion is a practice that grows with repetition, and it genuinely changes how you feel."
"How do I handle difficult emotions?","Start by naming the emotion, which calms the brain. Let the feeling be present without acting on it, like weather passing through. Use slow breathing and grounding when it's intense. Ask what the emotion is telling you about your needs. Over time this builds emotional capacity, and therapy can give you more tools if needed."
"What helps with grief?","Grief has no timeline, so allow yourself the waves. Talk about the person you lost with people who listen, and honor them in small ways. Let others help you with practical things while you grieve. Over time, the pain softens and the love remains. If grief feels impossible to carry, grief counseling can genuinely help."
"How can I build confidence?","Confidence grows from evidence, so collect it: note small things you did well, and set tiny achievable goals you actually complete. Practice skills in low-stakes settings before big ones. Notice your self-talk and challenge it like you'd defend a friend. Confidence is built one kept promise to yourself at a time."
"What are some ways to relax my mind?","Try slow, extended exhales, which calm the nervous system. Give your mind a single focus, like the breath or a word, and let thoughts pass without chasing them. Try a short guided relaxation or gentle stretching. Don't force quiet; just practice returning attention gently. Mental rest is a skill that improves with regular practice."
"How do I stop feeling so tired all the time?","Protect your sleep schedule, stay hydrated, and get gentle daily movement, which often boosts energy. Look at your stress load, since emotional load drains you physically. If tiredness persists for weeks, see a doctor to check for physical causes like anemia or thyroid issues, as well as mental health factors like depression."
"How can I deal with work stress?","Set boundaries around your hours and protect breaks that actually let you rest. Prioritize tasks and learn to say no to non-essential demands. Move your body and get outside during the day. If the stress is constant, talk to your manager about the load and consider whether burnout support is needed. Your wellbeing comes first."
"What helps when I'm feeling overwhelmed with everything?","Externalize the load: write it all down, then sort into 'now,' 'later,' and 'not mine to carry.' Act only on 'now.' Delegate or drop what you can. Protect rest like it's part of the work. You don't have to carry everything alone, and asking for help is a practical strategy, not a failure."
"How can I sleep when my mind won't stop?","Keep a notepad by your bed and write down racing thoughts to get them out of your head. Try slow breathing in bed, exhaling longer than you inhale. Keep the room dark, cool, and quiet, and avoid screens for an hour before bed. If your mind is racing from stress, address the stress in the daytime with exercise and talk."
"How do I stop worrying so much?","Give worry a container: set aside 15 minutes a day as 'worry time,' and defer worries to it. Write worries down and sort them into what you can act on and what you can't. Act on the first, release the second. Worry thrives on endless replay; time-boxing and writing break that loop. If worry is constant, therapy can help."
"How can I handle criticism without falling apart?","Separate the useful signal from the tone. If there's a kernel of truth, take it and let go of the harsh delivery. Thank the person briefly and take time to consider rather than reacting in the moment. Remind yourself your worth isn't decided by one critique. You can learn from feedback without accepting every judgment."
"What should I do when I don't want to get out of bed?","Shrink the task: just sit up, then stand, then splash water on your face or make your bed. One tiny action loosens the grip of inertia. Make your morning gentle, with light and one small pleasant thing. If this lasts more than two weeks, please talk to a doctor or counselor, because low energy and low mood can be treated."
"How can I be kinder to myself?","Notice your harsh self-talk and rewrite it as you'd speak to a good friend. Give yourself credit for effort, not just results. Allow mistakes without self-attack, and practice saying something kind to yourself each day. Self-kindness is a habit, and like any habit, it strengthens with repetition and genuinely changes how you experience life."
"What helps with social anxiety?","Practice in small, low-stakes steps: a brief chat with a cashier, asking a question in a group, then longer interactions. Prepare a few open questions so you're not stuck for words. Remember most people are focused on themselves. Each small step builds evidence that socializing is survivable. If it's severe, therapy, especially exposure work, helps a lot."
"How do I stop feeling guilty all the time?","Ask whether the guilt fits the facts: did you actually do wrong, or are you holding yourself to an impossible standard? If you hurt someone, repair with an honest apology and changed behavior, then let it go. Guilt is meant to correct course, not to become your identity. If it's tied to old events, therapy can help you work through it."
"How can I get through a really hard day?","Break the day into small chunks and handle only the current one: one meal, one task, one breath at a time. Reach out to someone you trust, even briefly. Let go of what can wait, and be gentle about what didn't get done. You don't have to feel good to keep going, and asking for help makes hard days lighter."
"What are quick ways to reduce stress?","Take three slow, extended exhales, which calm the nervous system immediately. Step outside for a minute of daylight and fresh air. Splash cold water on your face or hold something cold. Do a quick body scan, relaxing your shoulders and jaw. Small resets like these are practical tools you can use anywhere, anytime."
"How can I stop procrastinating?","Procrastination is usually avoidance of a big, vague task. Make the task tiny and concrete, decide the next physical action, and start a 5-minute timer. Reward yourself for starting, not finishing. Lower the stakes of starting and the freeze usually breaks. If procrastination is chronic, it may be tied to anxiety or perfectionism worth addressing."
"How do I handle feeling not good enough?","Notice how you talk to yourself and challenge the harsh voice like you'd defend a friend. Write down evidence of things you've done that took effort, even small ones. Comparison feeds 'not good enough,' so limit it. Your worth isn't a performance. If self-criticism is constant, therapy can help you build a fairer, kinder inner voice."
"What helps with rumination and repetitive thoughts?","Gently interrupt the loop: name it ('this is rumination') and shift attention to a simple, absorbing task or your senses. Give the thought a time limit and write it down rather than replaying it. Worry about the same thing repeatedly rarely changes anything; action or acceptance do. If rumination dominates, cognitive behavioral therapy can break the cycle."
"How can I rebuild after a mistake?","Acknowledge the mistake honestly without global self-blame: you are not your worst moment. Extract the lesson and decide what you'd do differently. Make amends if someone was hurt, then consciously choose to move forward. Mistakes are data, not verdicts. If you're stuck replaying it, writing or therapy can help you release it."
"What should I do if I'm worried about my mental health?","Worried is actually a good first step, because it means you're aware and ready to act. Start by speaking with a professional who can help you understand what you're experiencing, whether a doctor, counselor, or support line. You don't need a crisis to get help. Your mind deserves the same care your body does."
"How do I practice mindfulness?","Mindfulness is simple attention to the present. Sit comfortably and focus on your breath, and when your mind wanders, gently return to it without judgment. Or do a walking meditation, noticing each step and your surroundings. Even a few minutes a day builds the skill. It's called a practice because you keep practicing returning to now."
"What helps when I feel invisible or unappreciated?","Start by acknowledging yourself: keep a small list of things you did that mattered today. Then communicate your needs directly, because people often don't notice what isn't said. Notice where your contributions genuinely land and invest there. You deserve to be seen, and sometimes that starts with seeing yourself and asking clearly."
"How can I deal with feeling trapped in my situation?","Make a list of every option you can see, however small, and choose one action you can take this week. Talk to someone who can help you see choices you can't. Very few situations are truly without doors, and you don't have to find your way out alone. A counselor can help you map a path and take the first step."
"What helps with self-doubt?","Collect evidence: write down things you've done well and challenges you've handled. Notice when your self-doubt is loudest and what triggers it. Take small actions anyway, since action builds confidence better than waiting to feel sure. Compare yourself to your own past, not others. If self-doubt is deep, therapy can help you uncover its roots."
"How can I make better use of my time?","Start by noticing where your time actually goes for a couple of days. Protect the hours that matter most, and say no to what doesn't serve you. Batch small tasks and give hard tasks your freshest energy. Rest is not wasted time; it's what makes the rest possible. You're not behind on living, you're just planning it."
"What should I do when I feel like I can't cope?","That feeling is a signal that you need more support, not a sign of failure. Tell someone you trust today, and consider speaking with a professional or a support line. Break the immediate load into one small step. You don't have to cope alone; help genuinely lightens this, even when it feels impossible. Please reach out."
"How do I stop feeling like a burden?","You are not a burden; that's shame talking. People who love you want to be there for you, and your needs are legitimate. Try asking for something small and specific and notice how it's received, which often disproves the feeling. If it's heavy and constant, talk to a professional today, because you deserve to be heard and helped."
"How can I feel more connected to people?","Connection grows from repeated, low-pressure contact. Join something recurring where you see the same faces, ask people real questions, and share small things about yourself. You don't need deep conversations immediately; consistency builds trust. If you've been isolated, start small and let it build. Connection is a skill, and it can be rebuilt."
"What helps me when I feel anxious about the future?","Bring yourself back to what you can control today: one plan, one action, one calm moment. Write down your concerns and sort them into 'can act' and 'can't control,' and act only on the first. Remind yourself you've survived uncertain times before. Persistent future worry is very treatable with the right support."
"How can I deal with feeling not smart enough?","Intelligence is diverse and practical, emotional, and creative, not just academic. Make a list of things you're genuinely good at, however humble. Learning is a skill that grows with practice, so focus on one small improvement. 'Not smart enough' is a story, not a fact, and your worth was never based on it anyway."
"What should I do when I don't want to talk to anyone?","It's okay to need space; give yourself a set amount of it. Then set a low-pressure way to reconnect, like a short text or a walk with someone you trust. Isolation makes heavy feelings heavier, so small contact helps more than it seems. If withdrawing is lasting and leaving you stuck, a therapist is a safe, no-pressure person to start talking to."
"How can I stop feeling empty?","Gently bring yourself into the present with your senses, and try small activities that give you a sense of accomplishment, even tiny ones. Sometimes emptiness is a signal that a need or feeling is being pushed down, so give it room to surface. If it persists or deepens, talking to a professional can help you explore what's underneath."
"What helps with feeling like nothing is worth it?","That feeling is one of the heaviest, and it's important you don't sit with it alone. Please reach out to someone you trust or a support line today. Hopelessness feels permanent but it can lift with the right support; depression is treatable and people do find their way through. You deserve that chance, and help is available."
"How can I stop being so hard on myself?","Catch the critical thought and ask how you'd respond to a friend who said it. Replace harsh judgments with fair, kind ones. Give yourself credit for effort, and allow mistakes without self-attack. Notice the difference between holding yourself accountable and attacking yourself. Self-compassion is a skill that grows with practice, and it changes everything."
"What do I do when I keep reliving the past?","When the past replays, ground yourself: feet on the floor, slow breathing, name what's around you. Remind yourself the moment is over and you're safe now. Writing about it, especially with professional guidance if it's trauma, can help move it into the past where it belongs. You deserve relief from the replay."
"How can I feel less lonely during the holidays?","Plan something gentle for yourself: a favorite meal, a walk, a call to someone you know. Reach out to others who may also be alone; you're often not the only one. You can create meaning even when traditions look different. Holiday loneliness doesn't mean you're unlovable; it means the season is hard, and it's okay to meet it with care."
"How can I learn to trust others again?","Rebuild trust in small doses: share something small with someone consistent and notice how they handle it. Trust is built through repeated, safe experiences, not through big leaps. Notice the difference between old betrayals and present people. If past hurts are deep, therapy can help you heal them so new relationships have a fair chance."
"What helps me when I feel like I have no purpose?","Purpose is built, not discovered all at once. Notice what gives you moments of meaning: helping someone, learning, creating, connecting. Invest in those, even in small ways. Purpose can change across life stages, and that's okay. You don't need one grand purpose; you need threads of meaning, and they're already in your life."
"How can I deal with feeling behind in life?","Feeling behind is a comparison to others' visible milestones, not an objective fact. Life is long and nonlinear; quiet phases often build foundations. Focus on your own direction and recent progress. Speed is not a measure of worth. You're not behind, you're on your own route, and it's valid."
"What helps when I feel like people won't understand me?","Understanding is often built, not assumed. Express yourself clearly and give people a chance to meet you, and find listeners who make an effort. Some won't understand, and that's about their capacity, not your worth. A therapist is someone trained to understand you without judgment. You deserve to be heard."
"How can I handle feeling overwhelmed by my thoughts?","Write your thoughts down to externalize them, then sort them into what needs action and what's just noise. Practice grounding to return to your body and the present. Create more quiet in your life: fewer inputs, more stillness. If thoughts are relentless, professional support can help you build calm. A quieter mind is possible, and it's worth working toward."
"What do I do when I feel like I can't go on?","Please reach out for help right now. Contact someone you trust, call a crisis or support line in your country, or go to an emergency room if you're in immediate danger. You don't have to fix everything today, just tell someone how you're feeling. People can and will help you find a way through, and this feeling can change with support."
"How can I be okay with being alone?","Build a life you enjoy: interests, routines, and a space that feels like yours. Learn what you love and make time for it. Being alone isn't the same as being lonely, and your own company can become a comfort. Start with short, gentle stretches of solitude and notice what you enjoy. If being alone is heavy, therapy can help you build a kinder relationship with yourself."
"What helps with feeling like I'm always worried?","Constant worry keeps your nervous system on alert. Give worry a daily container, write concerns down, and sort them into what you can act on and what you can't. Protect rest and movement, since they calm the baseline. If worry is your constant companion, cognitive behavioral therapy is highly effective at loosening its grip."
"How can I deal with my partner's mood?","Start by caring for your own wellbeing and boundaries; you can support your partner without absorbing their mood. Ask what they need, and offer calm presence rather than trying to fix everything. Encourage professional support if their mood is persistent. Relationships weather storms better when both people take care of themselves too."
"What should I do when I feel numb?","Numbness is often your mind's way of protecting you from overwhelm. Be gentle with yourself and try small sensory comforts: warm showers, soft music, time in nature. Slowly reconnecting with your body can help feelings return safely. If numbness lasts a long time or follows something painful, please reach out for professional support."
"How can I feel more optimistic?","Optimism is a skill you can build by noticing what's going well, however small, and by balancing worst-case thinking with most-likely and best-case thinking. Act on what you can control and release the rest. Hope grows with evidence, so collect it. If hopelessness is persistent, professional support can help you find your way back to it."
"What helps with feeling of being judged at work?","Focus on what you can control: doing solid work, asking for feedback, and learning from it. Feedback is about the work, not your worth. Notice when the imagined judgment doesn't show up, and let evidence correct the fear. If work anxiety is intense, therapy can help you build confidence and separate real signals from imagined ones."
"How do I build emotional resilience?","Resilience is built through small, repeated supports: protecting sleep, staying connected, practicing self-compassion, and facing challenges in manageable steps. Notice what's helped you through past hard times and use those tools. Resilience isn't a fixed trait; it grows as you recover, rest, and learn. Support from others makes it stronger."
"What should I do if I keep having bad dreams?","Bad dreams often reflect stress or difficult experiences. Wind down calmly before bed, reduce scary content before sleep, and write out daytime worries earlier. Protect your sleep routine and make your bedroom feel safe. If nightmares are frequent and distressing, professional help, including trauma-informed therapy, can genuinely reduce them."
"How can I stop feeling jealous of others?","Jealousy is a signal pointing at something you want for yourself. Name it, then take one small step toward your own version. Practice gratitude for what you already have. Envy thrives on comparison and starves on self-focus. With practice, jealousy becomes a prompt for growth rather than a source of pain."
"What helps when I feel disconnected from my body?","Try slow, gentle activities that bring you into your body: stretching, walking, warm showers, or noticing your breath. Move without performance pressure. Reconnecting takes time and gentleness, so go at your own pace. If the disconnection is strong or linked to trauma, professional support can help you reconnect safely."
"How can I deal with feeling like I'm always on edge?","Being on edge often means your nervous system is carrying too much. Build in rest, slow breathing, and gentle movement, and reduce stressors where you can. Notice what keeps you on alert and address it directly. If constant tension is your baseline, therapy can help you calm your nervous system and restore a sense of safety."
"What do I do when I feel like I'm not making progress?","Progress is often invisible in the moment because it happens in small increments. Look back over the last few months and list changes, even tiny ones. Growth is rarely a straight line; plateaus are part of it. If you're truly stuck, get specific: what one small next step could you take? Progress starts with showing up again."
"How can I help myself feel safer?","Feeling safe starts with your body: slow breathing, grounding, and steady routines create calm signals. Identify what makes you feel unsafe and reduce exposure to it where you can. Keep people and places that feel safe close. If the lack of safety is rooted in trauma, trauma-informed therapy can help you rebuild a genuine sense of safety over time."
"What helps with feeling like I'm always apologizing?","Notice when you apologize for things that aren't your fault, and pause before it. Practice replacing 'sorry' with 'thank you' where it fits, like 'thanks for waiting' instead of 'sorry I'm late.' You're allowed to take up space without shrinking. Self-worth work can help you feel entitled to time, space, and kindness."
"How can I handle uncertainty?","Anchor yourself in what's stable: routines, values, and people. Break big unknowns into next steps you can take. Practice sitting with 'maybe' without needing an immediate answer. You've lived with uncertainty before and found your way through. You can again, and support can help you build that tolerance."
"What should I do when I feel like I've lost myself?","Reconnect with what you value, enjoy, and believe. Try small things that used to feel like you, and see what resonates now. Identity can be rebuilt, and it's allowed to evolve. You're not gone; you're becoming. With patience and support, you can find your way back to yourself, one small authentic choice at a time."
"How can I stop feeling like a failure?","Feeling like a failure is a story, not a fact. Make a list of things you've accomplished and survived, even small ones. Reframe failures as learning and redirection. You're not defined by outcomes; you're defined by your effort and character. If this feeling is persistent, therapy can help you rewrite the story and see yourself accurately."